1|1|Adam|Adi|111111111111|adam@adi|warszawa|
2|2|Bart|Ba|22222222222|bart@ba|gdynia|
3|2|Edi|De|3333333333|edi@ed|krakow|
4|1|Domi|Do|55555555555|domi@do|zakopane|
6|1|Daria|Dabrowska|898989|daria@dabrowska|olsztyn|
7|3|Zyga!|Tom|456456|tomi@tom|gdansk|
8|2|Gabi|Gabrys|354647848|gabi@gabrys|londyn|
9|2|Edi|Krol|2333|edi@krol|zakpane|
10|3|Tom|Tom|1111111111111|tom2TOM|ZABRZE|
11|3|Edek|Tom|111111|edek@tom|londyn!|